{
  "task1": {
    "n": 31,
    "gcorr_E_cos": {
      "n": 31,
      "mean": 0.9695343823942263,
      "min": 0.7773450589717976,
      "max": 0.9998459028997402,
      "median": 0.9977256757940257
    },
    "gcorr_E_euc": {
      "n": 31,
      "mean": 0.9237169984032293,
      "min": 0.4405134395517698,
      "max": 0.9999990515298396,
      "median": 0.9983066092840538
    },
    "gcorr_U_cos": {
      "n": 31,
      "mean": 0.9698508153313076,
      "min": 0.7774184601919927,
      "max": 0.9998942733043406,
      "median": 0.9980069120712726
    },
    "by_series_cos": {
      "Qwen3": {
        "n": 5,
        "mean": 0.9938011280169319,
        "min": 0.989602742155382,
        "max": 0.9972287933955417,
        "median": 0.9940134077706431
      },
      "Qwen3.5": {
        "n": 4,
        "mean": 0.9992606368880332,
        "min": 0.9984136182902994,
        "max": 0.9996167128093348,
        "median": 0.9995061082262493
      },
      "Qwen2.5": {
        "n": 7,
        "mean": 0.9994877285429709,
        "min": 0.9980068702339273,
        "max": 0.9998459028997402,
        "median": 0.999673037779141
      },
      "Llama-3.2": {
        "n": 2,
        "mean": 0.9838800550651126,
        "min": 0.9814589202571341,
        "max": 0.9863011898730909,
        "median": 0.9838800550651126
      },
      "Llama-3.1": {
        "n": 2,
        "mean": 0.9981709530841671,
        "min": 0.9977256757940257,
        "max": 0.9986162303743085,
        "median": 0.9981709530841671
      },
      "Gemma-2": {
        "n": 3,
        "mean": 0.9988057549572203,
        "min": 0.9981624962631662,
        "max": 0.9997445760900497,
        "median": 0.9985101925184453
      },
      "Gemma-3": {
        "n": 4,
        "mean": 0.9336906798513201,
        "min": 0.7773450589717976,
        "max": 0.9898735731863937,
        "median": 0.9837720436235446
      },
      "Gemma-4": {
        "n": 4,
        "mean": 0.849455391551982,
        "min": 0.7880055837518973,
        "max": 0.9510416254762479,
        "median": 0.8293871784898916
      }
    },
    "lowest_cos": [
      [
        "Gemma-3-1B",
        "Gemma-3-1B-Instruct",
        0.7773450589717976,
        0.7097854650417293
      ],
      [
        "Gemma-4-E4B",
        "Gemma-4-E4B-Instruct",
        0.7880055837518973,
        0.5307993088720356
      ],
      [
        "Gemma-4-26B-A4B",
        "Gemma-4-26B-A4B-Instruct",
        0.8121912346884834,
        0.4405134395517698
      ],
      [
        "Gemma-4-E2B",
        "Gemma-4-E2B-Instruct",
        0.8465831222913,
        0.6756054774165149
      ],
      [
        "Gemma-4-31B",
        "Gemma-4-31B-Instruct",
        0.9510416254762479,
        0.5711747709745388
      ]
    ],
    "untied_count": 9
  },
  "task2": {
    "n": 110,
    "gcorr_E_cos": {
      "n": 110,
      "mean": 0.4844008643494279,
      "min": 0.056513218695155264,
      "max": 0.9999976314206677,
      "median": 0.360397022962313
    },
    "by_series": {
      "Llama-3.1": {
        "n": 5,
        "mean": 0.17553650917767535,
        "min": 0.056513218695155264,
        "max": 0.41041578104267906,
        "median": 0.1585853321750926
      },
      "Llama-3.2": {
        "n": 1,
        "mean": 0.9485399618616771,
        "min": 0.9485399618616771,
        "max": 0.9485399618616771,
        "median": 0.9485399618616771
      },
      "Qwen2.5": {
        "n": 21,
        "mean": 0.29513497996053456,
        "min": 0.05863786942046822,
        "max": 0.9152800945468701,
        "median": 0.1656494029610676
      },
      "Qwen3": {
        "n": 28,
        "mean": 0.28229991965837037,
        "min": 0.07344813912659254,
        "max": 0.8844365907669787,
        "median": 0.15833876580595196
      },
      "Qwen3.5": {
        "n": 13,
        "mean": 0.4406375162161188,
        "min": 0.15747143690706017,
        "max": 0.9486166704955175,
        "median": 0.4081513758829557
      },
      "Gemma-2": {
        "n": 3,
        "mean": 0.4857930975279547,
        "min": 0.36795124657458644,
        "max": 0.6970744453447285,
        "median": 0.39235360066454916
      },
      "Gemma-3": {
        "n": 6,
        "mean": 0.6558642400019963,
        "min": 0.4509871509379698,
        "max": 0.8344848965825232,
        "median": 0.689506532675904
      },
      "Gemma-4": {
        "n": 6,
        "mean": 0.7506229625082089,
        "min": 0.7359778644362112,
        "max": 0.7682672115461976,
        "median": 0.7511661122214577
      },
      "MiniMax": {
        "n": 1,
        "mean": 0.992481313778726,
        "min": 0.992481313778726,
        "max": 0.992481313778726,
        "median": 0.992481313778726
      },
      "GLM": {
        "n": 1,
        "mean": 0.9962817326470805,
        "min": 0.9962817326470805,
        "max": 0.9962817326470805,
        "median": 0.9962817326470805
      },
      "DeepSeek": {
        "n": 25,
        "mean": 0.789691479048038,
        "min": 0.1535247130839928,
        "max": 0.9999976314206677,
        "median": 0.9999244265735165
      }
    },
    "lowest": [
      [
        "Llama-3.1-8B-Instruct",
        "Llama-3.2-3B-Instruct",
        0.056513218695155264
      ],
      [
        "Qwen2.5-0.5B-Instruct",
        "Qwen2.5-7B-Instruct",
        0.05863786942046822
      ],
      [
        "Qwen3-4B",
        "Qwen3-14B",
        0.07344813912659254
      ],
      [
        "Llama-3.1-8B-Instruct",
        "Llama-3.2-1B-Instruct",
        0.07401504710148876
      ],
      [
        "Qwen2.5-1.5B-Instruct",
        "Qwen2.5-7B-Instruct",
        0.0901220192325011
      ],
      [
        "Qwen2.5-3B-Instruct",
        "Qwen2.5-7B-Instruct",
        0.09186711326379605
      ],
      [
        "Qwen3-4B",
        "Qwen3-32B",
        0.09581503607552014
      ],
      [
        "Qwen3-0.6B",
        "Qwen3-14B",
        0.09848165177830809
      ]
    ]
  },
  "task3": {
    "n": 176,
    "gcorr_E_cos": {
      "n": 176,
      "mean": 0.4808256204190965,
      "min": 0.13998478361309888,
      "max": 0.8982437389854008,
      "median": 0.4376386000130288
    },
    "gcorr_E_euc": {
      "n": 176,
      "mean": 0.3606928701652796,
      "min": -0.3231273909805723,
      "max": 0.9635607467701033,
      "median": 0.3303532840837065
    },
    "negative_euc_count": 23
  },
  "task4": {
    "n": 21,