{
  "generated_at": "2026-06-20",
  "scope": {
    "bi_full": 35,
    "bi_clean": 30,
    "excluded": 5
  },
  "task1": {
    "n_full": 35,
    "n_clean": 30,
    "clean_E_cos_mean": 0.9955211005194138,
    "clean_E_euc_mean": 0.9902375031652783
  },
  "task2": {
    "n": 110,
    "same_hidden_cos_mean": 0.8730669395387936,
    "diff_hidden_cos_mean": 0.3759359131337909
  },
  "task3": {
    "n": 176,
    "negative_euc_count": 23,
    "E_cos_mean": 0.4808256204190965
  },
  "task4": {
    "n": 21
  },
  "task5": {
    "n_unique": 340,
    "R2_E_mean": 0.4320639661682124,
    "task1_R2_E_mean": 0.9487210382308134
  },
  "task6": {
    "n_full": 35,
    "n_clean": 30,
    "clean_E_R2_mean": 0.992283809082521,
    "clean_A_delta_rank95_h_mean": 0.4528441349413029,
    "clean_E_delta_rank95_h_mean": 0.7837219432043653
  },
  "cross": {
    "clean_gcorr_cos_vs_E_R2": 0.8679581163692995
  }
}
